Stiftung Innovation in der Hochschullehre,Stiftung Innovation in der Hochschullehre
Renaissance Philanthropy,Renaissance Philanthropy
AI for Math Fund,AI for Math Fund
Robo,Знайка
Formaloversum,Линиверс
Leansch,линиш
Formalosoph,формалософ
Freunde und Verwandte,Аналоги и связи
Babylon,Вавилон
Babylonier,вавилонянин
Cantor,Кантор
Ciao,Чао
Epo,Эпо
Portier,привратник
Euklid,Евклид
Implis,Имплис
Operationsleiter,Начопер
Iso,Изо
Logo,Лого
Logisinde,Логвина
Querulant,баламут
Schelm,плут
Luna,Луна
Lina,Лина
Ritha,Рифа
Mono,Моно
Monosoph,монософ
Isosoph,изософ
Piazza,Ярмарка
Ext,Экст
Fin,Кон
Mem,Прин
Set,Множ
Sub,Подм
Prado,Прадо
Guino,Гвино
Quantus,Кванторус
Robotswana,Матритания
Tracy,Следди
Samarkand,Самарканд
Arapuka,Араука
Saturn,Сатурн
Spinoza,Спиноза
Benedictus,Бенедикт
Vieta,Виета
Abbildung,отображение
Abbildungsvorschrift,правило отображения
Aufgabe,задание
Auswahlaxiom,аксиома выбора
Beweisziel,цель
Urbild,прообраз